{
    "Rotation": {
      "X": 1,
      "Y": 0,
      "Z": -0.7071067768845215,
      "W": 0.7071067854885736
    },
    "Translation": {
      "X": 0,
      "Y": 0,
      "Z": 0
    },
    "Scale3D": {
      "X": 1,
      "Y": 1,
      "Z": 1
    }
}