{
        "Rotation": {
            "X": 0,
            "Y": 0,
            "Z": 0.9969173337331281,
            "W": 0.07845909572784322
        },
        "Translation": {
            "X": 3356.8793572781838,
            "Y": 169293.37727869244,
            "Z": 191.2837041187944
        },
        "Scale3D": {
            "X": 1,
            "Y": 1,
            "Z": 1
        }
    }