{
        "Rotation": {
            "X": 0,
            "Y": 0,
            "Z": -0.8241261886220166,
            "W": 0.5664062369248316
        },
        "Translation": {
            "X": 2381199.892570644,
            "Y": 97546.28018880662,
            "Z": 7572.680239193725
        },
        "Scale3D": {
            "X": 1,
            "Y": 1,
            "Z": 1
        }
    }