{
        "Rotation": {
            "X": 0,
            "Y": 0,
            "Z": -0.05233595624294482,
            "W": 0.9986295347545738
        },
        "Translation": {
            "X": 2334960,
            "Y": 92560,
            "Z": 16520
        },
        "Scale3D": {
            "X": 1,
            "Y": 1,
            "Z": 1
        }
    }