{
        "Rotation": {
            "X": 0,
            "Y": 0,
            "Z": -0.7431448254773956,
            "W": 0.6691306063588568
        },
        "Translation": {
            "X": 2377268.3216346907,
            "Y": 83360.12207600786,
            "Z": 9118.829346336703
        },
        "Scale3D": {
            "X": 1,
            "Y": 1,
            "Z": 1
        }
    }