{
        "Rotation": {
            "X": 0,
            "Y": 0,
            "Z": -0.6883545756937547,
            "W": 0.7253743710122871
        },
        "Translation": {
            "X": 2354335.136192268,
            "Y": 131580.87063359955,
            "Z": 974.4937386802497
        },
        "Scale3D": {
            "X": 1,
            "Y": 1,
            "Z": 1
        }
    }