{
        "Rotation": {
            "X": 0,
            "Y": 0,
            "Z": 0.998629534754574,
            "W": 0.0523359562429422
        },
        "Translation": {
            "X": 2369016.1102328966,
            "Y": 82782.92574752716,
            "Z": 14255.88725463255
        },
        "Scale3D": {
            "X": 1,
            "Y": 1,
            "Z": 1
        }
    }