{
        "Rotation": {
            "X": 0,
            "Y": 0,
            "Z": -0.7253743710122877,
            "W": 0.688354575693754
        },
        "Translation": {
            "X": 2364778.807797367,
            "Y": 120517.79334914763,
            "Z": 3661.4934096262245
        },
        "Scale3D": {
            "X": 1,
            "Y": 1,
            "Z": 1
        }
    }