{
        "Rotation": {
            "X": 0,
            "Y": 0,
            "Z": 0.7253743710122901,
            "W": 0.6883545756937516
        },
        "Translation": {
            "X": 2355726.5283837426,
            "Y": 46398.90139206164,
            "Z": 1199.2986153757556
        },
        "Scale3D": {
            "X": 1,
            "Y": 1,
            "Z": 1
        }
    }