{
        "Rotation": {
            "X": 0,
            "Y": 0,
            "Z": -0.9510565162951534,
            "W": 0.3090169943749481
        },
        "Translation": {
            "X": -2250.6458888990164,
            "Y": -36010.96510401559,
            "Z": 511.48018122578287
        },
        "Scale3D": {
            "X": 1,
            "Y": 1,
            "Z": 1
        }
}
