{
        "Rotation": {
            "X": 0,
            "Y": 0,
            "Z": -0.6691306063588597,
            "W": 0.743144825477393
        },
        "Translation": {
            "X": 2371741.299362282,
            "Y": 109503.10858418205,
            "Z": 5622.876460637582
        },
        "Scale3D": {
            "X": 1,
            "Y": 1,
            "Z": 1
        }
    }