{
        "Rotation": {
            "X": 0.12376480994810062,
            "Y": -0.16760830732207183,
            "Z": -0.38033302081582837,
            "W": 0.9010752024177817
        },
        "Translation": {
            "X": 0,
            "Y": 0,
            "Z": 0
        },
        "Scale3D": {
            "X": 2,
            "Y": 2,
            "Z": 2
        }
    }